Test,Executable,Procese,MedieTimp(ms)
Varianta1_Mic,sum_large_seq,1,29
Varianta1_Mic,sum_large_mpi_standard,5,531
Varianta1_10000,sum_large_seq,1,38
Varianta1_10000_5,sum_large_mpi_standard,5,584
Varianta1_10000_9,sum_large_mpi_standard,9,567
Varianta1_10000_17,sum_large_mpi_standard,17,708
Varianta1_100_100000,sum_large_seq,1,63
Varianta1_100_100000_5,sum_large_mpi_standard,5,429
Varianta1_100_100000_9,sum_large_mpi_standard,9,670
Varianta1_100_100000_17,sum_large_mpi_standard,17,581
Varianta2_Mic,sum_large_seq,1,16
Varianta2_Mic,sum_large_mpi_scatter,4,372
Varianta2_1000,sum_large_seq,1,11
Varianta2_1000_4,sum_large_mpi_scatter,4,335
Varianta2_1000_8,sum_large_mpi_scatter,8,372
Varianta2_1000_16,sum_large_mpi_scatter,16,445
Varianta2_100_100000,sum_large_seq,1,51
Varianta2_100_100000_4,sum_large_mpi_scatter,4,422
Varianta2_100_100000_8,sum_large_mpi_scatter,8,395
Varianta2_100_100000_16,sum_large_mpi_scatter,16,472
Varianta3_Mic,sum_large_seq,1,25
Varianta3_Mic,sum_large_mpi_async,5,456
Varianta3_10000,sum_large_seq,1,24
Varianta3_10000_5,sum_large_mpi_async,5,397
Varianta3_10000_9,sum_large_mpi_async,9,429
Varianta3_10000_17,sum_large_mpi_async,17,506
Varianta3_100_100000,sum_large_seq,1,52
Varianta3_100_100000_5,sum_large_mpi_async,5,397
Varianta3_100_100000_9,sum_large_mpi_async,9,459
Varianta3_100_100000_17,sum_large_mpi_async,17,601
Varianta4_Mic,sum_large_seq,1,8
Varianta4_Mic,sum_large_mpi_optimized,5,362
Varianta4_10000,sum_large_seq,1,19
Varianta4_10000_5,sum_large_mpi_optimized,5,569
Varianta4_10000_9,sum_large_mpi_optimized,9,406
Varianta4_10000_17,sum_large_mpi_optimized,17,501
Varianta4_100_100000,sum_large_seq,1,48
Varianta4_100_100000_5,sum_large_mpi_optimized,5,402
Varianta4_100_100000_9,sum_large_mpi_optimized,9,456
Varianta4_100_100000_17,sum_large_mpi_optimized,17,599
