TipMatrice,TipAlocare,NrThreads,ModDistribuire,TimpExecutie
10x10,dyn,4,seq,0.000005
10x10,dyn,4,horiz,0.000476
10x10,dyn,4,vert,0.000436
10x10,dyn,4,block,0.000398
10x10,dyn,4,delta_lin,0.000339
10x10,dyn,4,delta_cyc,0.000354
10x10,static,4,seq,0.000002
10x10,static,4,horiz,0.000403
10x10,static,4,vert,0.000521
10x10,static,4,block,0.000384
10x10,static,4,delta_lin,0.000368
10x10,static,4,delta_cyc,0.000343
1000x1000,dyn,2,seq,0.063521
1000x1000,dyn,2,horiz,0.034601
1000x1000,dyn,2,vert,0.024589
1000x1000,dyn,2,block,0.034223
1000x1000,dyn,2,delta_lin,0.037932
1000x1000,dyn,2,delta_cyc,0.034402
1000x1000,dyn,4,seq,0.095874
1000x1000,dyn,4,horiz,0.020465
1000x1000,dyn,4,vert,0.018763
1000x1000,dyn,4,block,0.019410
1000x1000,dyn,4,delta_lin,0.020188
1000x1000,dyn,4,delta_cyc,0.022380
1000x1000,dyn,8,seq,0.042024
1000x1000,dyn,8,horiz,0.014564
1000x1000,dyn,8,vert,0.018686
1000x1000,dyn,8,block,0.015578
1000x1000,dyn,8,delta_lin,0.020065
1000x1000,dyn,8,delta_cyc,0.016592
1000x1000,dyn,16,seq,0.065804
1000x1000,dyn,16,horiz,0.012967
1000x1000,dyn,16,vert,0.017637
1000x1000,dyn,16,block,0.015313
1000x1000,dyn,16,delta_lin,0.022093
1000x1000,dyn,16,delta_cyc,0.013874
1000x1000,static,2,seq,0.064215
1000x1000,static,2,horiz,0.035840
1000x1000,static,2,vert,0.028098
1000x1000,static,2,block,0.027491
1000x1000,static,2,delta_lin,0.037546
1000x1000,static,2,delta_cyc,0.038777
1000x1000,static,4,seq,0.043597
1000x1000,static,4,horiz,0.022151
1000x1000,static,4,vert,0.019017
1000x1000,static,4,block,0.020857
1000x1000,static,4,delta_lin,0.021497
1000x1000,static,4,delta_cyc,0.020454
1000x1000,static,8,seq,0.070683
1000x1000,static,8,horiz,0.013596
1000x1000,static,8,vert,0.014356
1000x1000,static,8,block,0.013342
1000x1000,static,8,delta_lin,0.017768
1000x1000,static,8,delta_cyc,0.018533
1000x1000,static,16,seq,0.060555
1000x1000,static,16,horiz,0.013146
1000x1000,static,16,vert,0.013644
1000x1000,static,16,block,0.013101
1000x1000,static,16,delta_lin,0.015314
1000x1000,static,16,delta_cyc,0.014774
10x10000,dyn,2,seq,0.004513
10x10000,dyn,2,horiz,0.002511
10x10000,dyn,2,vert,0.003041
10x10000,dyn,2,block,0.002942
10x10000,dyn,2,delta_lin,0.003351
10x10000,dyn,2,delta_cyc,0.003404
10x10000,dyn,4,seq,0.006087
10x10000,dyn,4,horiz,0.002220
10x10000,dyn,4,vert,0.001988
10x10000,dyn,4,block,0.002142
10x10000,dyn,4,delta_lin,0.002179
10x10000,dyn,4,delta_cyc,0.002336
10x10000,dyn,8,seq,0.006648
10x10000,dyn,8,horiz,0.001689
10x10000,dyn,8,vert,0.001945
10x10000,dyn,8,block,0.001832
10x10000,dyn,8,delta_lin,0.002016
10x10000,dyn,8,delta_cyc,0.002026
10x10000,dyn,16,seq,0.004627
10x10000,dyn,16,horiz,0.001980
10x10000,dyn,16,vert,0.001904
10x10000,dyn,16,block,0.001976
10x10000,dyn,16,delta_lin,0.001874
10x10000,dyn,16,delta_cyc,0.001998
10x10000,static,2,seq,0.004120
10x10000,static,2,horiz,0.003045
10x10000,static,2,vert,0.002589
10x10000,static,2,block,0.003112
10x10000,static,2,delta_lin,0.003706
10x10000,static,2,delta_cyc,0.003712
10x10000,static,4,seq,0.006292
10x10000,static,4,horiz,0.002340
10x10000,static,4,vert,0.002233
10x10000,static,4,block,0.002370
10x10000,static,4,delta_lin,0.002334
10x10000,static,4,delta_cyc,0.002462
10x10000,static,8,seq,0.004960
10x10000,static,8,horiz,0.001838
10x10000,static,8,vert,0.001744
10x10000,static,8,block,0.001861
10x10000,static,8,delta_lin,0.002009
10x10000,static,8,delta_cyc,0.002210
10x10000,static,16,seq,0.003830
10x10000,static,16,horiz,0.002101
10x10000,static,16,vert,0.002393
10x10000,static,16,block,0.001954
10x10000,static,16,delta_lin,0.002054
10x10000,static,16,delta_cyc,0.002232
10000x10,dyn,2,seq,0.004082
10000x10,dyn,2,horiz,0.003142
10000x10,dyn,2,vert,0.002179
10000x10,dyn,2,block,0.002541
10000x10,dyn,2,delta_lin,0.003375
10000x10,dyn,2,delta_cyc,0.002718
10000x10,dyn,4,seq,0.007350
10000x10,dyn,4,horiz,0.002918
10000x10,dyn,4,vert,0.003387
10000x10,dyn,4,block,0.002221
10000x10,dyn,4,delta_lin,0.002156
10000x10,dyn,4,delta_cyc,0.002865
10000x10,dyn,8,seq,0.007633
10000x10,dyn,8,horiz,0.002062
10000x10,dyn,8,vert,0.002261
10000x10,dyn,8,block,0.002132
10000x10,dyn,8,delta_lin,0.002058
10000x10,dyn,8,delta_cyc,0.002104
10000x10,dyn,16,seq,0.006328
10000x10,dyn,16,horiz,0.002240
10000x10,dyn,16,vert,0.001993
10000x10,dyn,16,block,0.001844
10000x10,dyn,16,delta_lin,0.002046
10000x10,dyn,16,delta_cyc,0.002327
10000x10,static,2,seq,0.006098
10000x10,static,2,horiz,0.004671
10000x10,static,2,vert,0.004417
10000x10,static,2,block,0.004855
10000x10,static,2,delta_lin,0.005887
10000x10,static,2,delta_cyc,0.005117
10000x10,static,4,seq,0.006107
10000x10,static,4,horiz,0.002743
10000x10,static,4,vert,0.002926
10000x10,static,4,block,0.004252
10000x10,static,4,delta_lin,0.004286
10000x10,static,4,delta_cyc,0.003053
10000x10,static,8,seq,0.007688
10000x10,static,8,horiz,0.002792
10000x10,static,8,vert,0.005578
10000x10,static,8,block,0.003989
10000x10,static,8,delta_lin,0.002767
10000x10,static,8,delta_cyc,0.005398
10000x10,static,16,seq,0.007511
10000x10,static,16,horiz,0.002182
10000x10,static,16,vert,0.004995
10000x10,static,16,block,0.002630
10000x10,static,16,delta_lin,0.003612
10000x10,static,16,delta_cyc,0.004011
10000x10000,dyn,2,seq,5.978205
10000x10000,dyn,2,horiz,2.422117
10000x10000,dyn,2,vert,2.440975
10000x10000,dyn,2,block,2.512715
10000x10000,dyn,2,delta_lin,2.571910
10000x10000,dyn,2,delta_cyc,2.652881
10000x10000,dyn,4,seq,5.700560
10000x10000,dyn,4,horiz,1.537922
10000x10000,dyn,4,vert,1.540692
10000x10000,dyn,4,block,1.538744
10000x10000,dyn,4,delta_lin,1.592069
10000x10000,dyn,4,delta_cyc,1.598064
10000x10000,dyn,8,seq,6.261964
10000x10000,dyn,8,horiz,1.010278
10000x10000,dyn,8,vert,1.155193
10000x10000,dyn,8,block,2.466202
10000x10000,dyn,8,delta_lin,1.560492
10000x10000,dyn,8,delta_cyc,1.492377
10000x10000,dyn,16,seq,6.803185
10000x10000,dyn,16,horiz,1.391835
10000x10000,dyn,16,vert,1.497656
10000x10000,dyn,16,block,1.222539
10000x10000,dyn,16,delta_lin,1.388931
10000x10000,dyn,16,delta_cyc,1.563378
10000x10000,static,2,seq,6.298091
10000x10000,static,2,horiz,2.519481
10000x10000,static,2,vert,2.560780
10000x10000,static,2,block,2.740800
10000x10000,static,2,delta_lin,3.126754
10000x10000,static,2,delta_cyc,3.253348
10000x10000,static,4,seq,6.424360
10000x10000,static,4,horiz,1.542797
10000x10000,static,4,vert,1.554041
10000x10000,static,4,block,1.605268
10000x10000,static,4,delta_lin,1.829543
10000x10000,static,4,delta_cyc,2.039501
10000x10000,static,8,seq,3.393155
10000x10000,static,8,horiz,1.356280
10000x10000,static,8,vert,2.737290
10000x10000,static,8,block,1.735136
10000x10000,static,8,delta_lin,3.569764
10000x10000,static,8,delta_cyc,1.482404
10000x10000,static,16,seq,5.097563
10000x10000,static,16,horiz,1.476466
10000x10000,static,16,vert,1.333912
10000x10000,static,16,block,1.452088
10000x10000,static,16,delta_lin,1.508110
10000x10000,static,16,delta_cyc,1.743502
